trait_key	cxcr2_context	cxcr2_to_trait_theta	cxcr2_to_trait_p	cxcr2_to_trait_direction	trait_to_IBD_theta	trait_to_IBD_p	trait_to_IBD_direction	product_theta	product_direction_vs_cxcr2_protection	cxcr2_trait_coloc_PP4	direct_CXCR2_IBD_OR_blood	direct_CXCR2_IBD_OR_neutrophil
neutrophil_count	blood_eQTLGen	0.052206735598962835	1.2025596623808643e-10	higher_CXCR2_increases_trait	0.20887664275968038	5.487549878184451e-13	trait_increases_IBD_risk	0.010904767661353648	opposes_protection	0.9975346022745046	0.753	0.8510620998248944
neutrophil_count	neutrophil_BLUEPRINT	0.041341526584003384	8.046063686394126e-19	higher_CXCR2_increases_trait	0.20887664275968038	5.487549878184451e-13	trait_increases_IBD_risk	0.008635279279426705	opposes_protection	0.34931658404764676	0.753	0.8510620998248944
neutrophil_percent	blood_eQTLGen	0.030119191920847683	0.00022008021744417567	higher_CXCR2_increases_trait	0.10238150016673592	0.0025121185808240744	trait_increases_IBD_risk	0.003083648052666218	opposes_protection	0.0002090016200592167	0.753	0.8510620998248944
neutrophil_percent	neutrophil_BLUEPRINT	0.02574468953984968	4.08131807133112e-08	higher_CXCR2_increases_trait	0.10238150016673592	0.0025121185808240744	trait_increases_IBD_risk	0.0026357799364166846	opposes_protection	2.183143882944062e-05	0.753	0.8510620998248944
