gene	tissue	variant_id	rsid	chrom	pos	ref	alt	beta_eqtl	se_eqtl	p_eqtl	beta_gwas_alt	se_gwas	p_gwas	theta	se	OR	p_mr	fdr
SELE	Colon_Transverse	chr1_169112554_T_G_b38	rs77977611	1	169112554	T	G	0.695668	0.157025	1.32335e-05	-0.1036	0.0333	0.001842	-0.14892161203332624	0.04786766101071201	0.8616366541971237	0.0018638479350299487	0.018638479350299487
FCGR3B	Colon_Transverse	chr1_162354477_G_A_b38	rs4657186	1	162354477	G	A	0.485016	0.114625	3.09615e-05	-0.0637	0.0254	0.012	-0.13133587345572106	0.052369406370099125	0.8769231897000973	0.012145996385902679	0.06072998192951339
FCGR2A	Colon_Transverse	chr1_161499981_T_A_b38	rs116660017	1	161499981	T	A	-0.450124	0.0933901	2.29299e-06	-0.0642	0.0358	0.07295	0.14262736490389313	0.07953363961930489	1.153299961542217	0.07292559238062789	0.2430853079354263
IL11	Colon_Transverse	chr19_55574821_C_T_b38	rs192034791	19	55574821	C	T	-1.02579	0.220488	4.942e-06	0.1352	0.1039	0.1932	-0.13180085592567678	0.10128778794880045	0.8765155305739079	0.19317248403645326	0.48293121009113316
ADGRE2	Colon_Sigmoid	chr19_14641074_G_T_b38	rs117412371	19	14641074	G	T	-0.869902	0.196577	1.41235e-05	0.0382	0.0482	0.4274	-0.043912992498005524	0.05540854027235252	0.9570372232687321	0.4280510533986872	0.7956296965360582
C5AR1	Colon_Sigmoid	chr19_47251208_G_A_b38	rs55804948	19	47251208	G	A	0.367992	0.0631761	1.66364e-08	0.0135	0.019	0.478	0.03668558012130699	0.05163155720776539	1.0373668008121426	0.4773778179216349	0.7956296965360582
G0S2	Colon_Transverse	chr1_209696111_C_T_b38	rs74399656	1	209696111	C	T	-0.335733	0.0721473	4.91793e-06	0.0088	0.0188	0.6384	-0.026211304816625116	0.05599687847188093	0.9741292296616733	0.6397237295470606	0.8183795809199454
S100A8	Colon_Transverse	chr1_153940057_A_G_b38	rs150059283	1	153940057	A	G	-1.07249	0.238701	1.00589e-05	0.0241	0.0741	0.7455	-0.02247107199134724	0.06909155330119629	0.9777795219986957	0.7450023377431838	0.8183795809199454
FPR1	Colon_Sigmoid	chr19_51751943_A_G_b38	rs4802859	19	51751943	A	G	0.2185	0.036892	9.87285e-09	-0.004	0.0134	0.765	-0.018306636155606407	0.06132723112128147	0.9818599124446378	0.7653158812098244	0.8183795809199454
FPR1	Colon_Transverse	chr19_51749765_A_G_b38	rs4802857	19	51749765	A	G	0.239768	0.0366365	2.60177e-10	-0.0031	0.0135	0.8156	-0.01292916485936405	0.056304427613359576	0.9871540577402749	0.8183795809199454	0.8183795809199454
