gene	tissue	variant_id	rsid	chrom	pos	ref	alt	beta_eqtl	se_eqtl	p_eqtl	beta_gwas_alt	se_gwas	p_gwas	theta	se	OR	p_mr	fdr
SELE	Colon_Transverse	chr1_169112554_T_G_b38	rs77977611	1	169112554	T	G	0.695668	0.157025	1.32335e-05	-0.1029	0.0429	0.01633	-0.14791538492499298	0.06166734706785421	0.8625040927029904	0.01645781912273038	0.14165922512297008
FCGR3B	Colon_Transverse	chr1_162354477_G_A_b38	rs4657186	1	162354477	G	A	0.485016	0.114625	3.09615e-05	-0.0717	0.0327	0.02837	-0.1478301746746499	0.06742045623237171	0.8625775900239697	0.02833184502459402	0.14165922512297008
FPR1	Colon_Sigmoid	chr19_51751943_A_G_b38	rs4802859	19	51751943	A	G	0.2185	0.036892	9.87285e-09	-0.0235	0.0174	0.1766	-0.10755148741418764	0.07963386727688787	0.8980302840032782	0.17683170572890106	0.4830294568005483
FPR1	Colon_Transverse	chr19_51749765_A_G_b38	rs4802857	19	51749765	A	G	0.239768	0.0366365	2.60177e-10	-0.0229	0.0176	0.1945	-0.09550899202562477	0.07340429081445397	0.9089101886732183	0.19321178272021933	0.4830294568005483
IL11	Colon_Transverse	chr19_55574821_C_T_b38	rs192034791	19	55574821	C	T	-1.02579	0.220488	4.942e-06	0.1177	0.1342	0.3804	-0.11474083389387692	0.13082599752385968	0.8915971857372902	0.38045992598297884	0.6522765638459199
FCGR2A	Colon_Transverse	chr1_161499981_T_A_b38	rs116660017	1	161499981	T	A	-0.450124	0.0933901	2.29299e-06	-0.039	0.0455	0.3922	0.08664279176404724	0.10108325705805511	1.0905070720293892	0.39136593830755195	0.6522765638459199
C5AR1	Colon_Sigmoid	chr19_47251208_G_A_b38	rs55804948	19	47251208	G	A	0.367992	0.0631761	1.66364e-08	-0.0144	0.0244	0.5539	-0.03913128546272745	0.06630578925628819	0.9616244535474316	0.5550807488553304	0.7929724983647578
ADGRE2	Colon_Sigmoid	chr19_14641074_G_T_b38	rs117412371	19	14641074	G	T	-0.869902	0.196577	1.41235e-05	0.0181	0.061	0.7673	-0.020806941471568065	0.07012284142351667	0.979408029391473	0.7666792852020369	0.9157121063798723
G0S2	Colon_Transverse	chr1_209696111_C_T_b38	rs74399656	1	209696111	C	T	-0.335733	0.0721473	4.91793e-06	0.0054	0.0243	0.8245	-0.01608420977383814	0.07237894398227163	0.9840444504055015	0.8241408957418851	0.9157121063798723
S100A8	Colon_Transverse	chr1_153940057_A_G_b38	rs150059283	1	153940057	A	G	-1.07249	0.238701	1.00589e-05	0.007	0.0921	0.9396	-0.006526867383378866	0.08587492657274194	0.9934943863503015	0.9394156428967155	0.9394156428967155
